Patient_Id,Patient_Name,Age,Registration_Date,Email,Mobile_Number
PID0001,Jonathan Tammy Jones,58,1994-07-04,j**.j**@gmail.com,877-4**-415*
PID0002,Tracy Michael Lewis,99,1987-10-04,t**.l**@gmail.com,*08-24*-*094
PID0003,James Samantha Miller,5,2000-05-21,nan,336-3*4-21**
PID0004,Ronald Michael Acosta,53,1997-10-22,r**.a**@gmail.com,433-80*-36**
PID0005,Justin Steven Jackson,7,1994-01-03,j**.j**@gmail.com,4**-761-*703
PID0006,Ashley Alexander Casey,0,1950-04-09,a**.c**@gmail.com,2*0-*59-799*
PID0007,Aaron Crystal Rodgers,48,2012-08-24,a**.r**@gmail.com,81*-*2*-5936
PID0008,Beth Shannon Garcia,21,1950-12-14,b**.g**@gmail.com,*82-88*-*864
PID0009,Melissa Brian Banks,1,2003-04-01,m**.b**@gmail.com,**9-706-*132
PID0010,Christopher Michael Hunter,47,1974-02-06,c**.h**@gmail.com,*07-*69-31*9
PID0011,Christopher William Nelson,10,1965-12-01,c**.n**@gmail.com,*22-65*-7*61
PID0012,Amber Christopher Lindsey,62,2020-03-01,a**.l**@gmail.com,**4-231-*927
PID0013,Eric Andrea Williams,57,1995-06-13,nan,3*5-*26-0*86
PID0014,Kara Arthur Schwartz,63,2011-02-14,k**.s**@gmail.com,*67-*51-*264
PID0015,Carol Andrew Davis,45,2014-04-16,c**.d**@gmail.com,6*2-*71-00*7
PID0016,Sabrina Justin Rodriguez,21,1976-06-17,s**.r**@gmail.com,*87-5**-8977
PID0017,Jessica Michele Johnson,13,1960-07-22,j**.j**@gmail.com,69*-620-1*3*
PID0018,Tonya Tammy Walters,60,1987-07-08,t**.w**@gmail.com,**6-522-5*86
PID0019,Monica Garrett Rowe,14,1962-07-02,m**.r**@gmail.com,**3-793-51*9
PID0020,Adam Benjamin Porter,59,2008-02-16,a**.p**@gmail.com,**0-718-8*59
PID0021,James Veronica Gray,13,1964-09-26,j**.g**@gmail.com,376-*30-*4*7
PID0022,Alan David Skinner,3,2014-02-26,a**.s**@gmail.com,838-*98-7*5*
PID0023,Jeffrey Joshua Snyder,22,1959-06-05,j**.s**@gmail.com,859-49*-4*4*
PID0024,Chad Nicole Mason,43,1954-09-26,c**.m**@gmail.com,46*-*32-6*54
PID0025,Amanda Samantha Osborne,29,1992-03-19,a**.o**@gmail.com,4**-55*-2407
PID0026,John Kevin Smith,85,1990-10-13,j**.s**@gmail.com,*5*-236-*635
PID0027,Manuel Tara Santiago,56,2016-10-14,m**.s**@gmail.com,81*-*94-613*
PID0028,William Donald Evans,40,1978-05-04,w**.e**@gmail.com,97*-36*-1*60
PID0029,Ann Joel Garrison,100,1979-09-17,a**.g**@gmail.com,6**-554-01*2
PID0030,Charles Christina Fitzgerald,20,1975-07-27,c**.f**@gmail.com,924-2*1-3*2*
PID0031,Brandon Nathan Dickerson,18,1962-01-24,b**.d**@gmail.com,56*-46*-669*
PID0032,Alexander Jay Navarro,60,1951-07-17,a**.n**@gmail.com,7*3-*29-625*
PID0033,Hayley John Russell,58,1963-05-06,h**.r**@gmail.com,603-**9-*438
PID0034,Michael Kristina Howard,65,1983-11-21,m**.h**@gmail.com,865-6**-327*
PID0035,Gloria Renee Carter,60,1983-02-22,g**.c**@gmail.com,793-3**-*269
PID0036,Linda Steven Green,5,1978-06-15,l**.g**@gmail.com,70*-71*-84*0
PID0037,Rebecca Richard Rodriguez,13,2005-08-04,r**.r**@gmail.com,351-*01-1**4
PID0038,Cynthia Christopher Holmes,14,2004-06-02,c**.h**@gmail.com,72*-3*1-74*0
PID0039,Erin John Lewis,19,1974-11-09,e**.l**@gmail.com,*55-89*-307*
PID0040,Debra Sandra Murillo,18,1969-01-04,d**.m**@gmail.com,885-817-***8
PID0041,Kelly Angela Chapman,101,1958-09-21,k**.c**@gmail.com,8*2-*37-94*2
PID0042,Andrew Brian Gonzales,12,1957-10-20,a**.g**@gmail.com,93*-709-87**
PID0043,Mason Jennifer Watson,30,1983-08-26,m**.w**@gmail.com,31*-5*8-9*84
PID0044,Ariel Wendy Rowe,40,1993-12-10,a**.r**@gmail.com,266-*53-*18*
PID0045,Ryan David Hood,18,1976-10-10,r**.h**@gmail.com,287-**2-33*8
PID0046,Brian Dana Lewis,10,2012-10-08,b**.l**@gmail.com,591-6*6-**75
PID0047,David Roy Anderson,60,2005-02-07,d**.a**@gmail.com,579-518-**8*
PID0048,Kevin Linda Parker,53,1970-10-25,k**.p**@gmail.com,**5-394-2*17
PID0049,Anthony Julia Johnson,46,1997-11-11,a**.j**@gmail.com,6**-5*1-4447
PID0050,Joshua Dennis Campbell,17,1988-04-05,j**.c**@gmail.com,705-**4-9*25
PID0051,Joshua Joshua Roth,59,1961-05-13,j**.r**@gmail.com,769-*82-*3*7
PID0052,Hannah Mario Guzman,3,1991-07-06,h**.g**@gmail.com,5*6-3**-6312
PID0053,Christopher Tony Chandler,51,1963-11-03,c**.c**@gmail.com,*5*-7*0-1101
PID0054,Patricia Nathan Martinez,33,2014-11-18,p**.m**@gmail.com,**0-311-76*5
PID0055,Michael Lisa Allen,58,2023-12-11,nan,890-97*-12**
PID0056,Robert Brenda Evans,20,1950-12-07,r**.e**@gmail.com,*2*-674-165*
PID0057,Shannon Robert Taylor,79,1976-01-08,s**.t**@gmail.com,*5*-7*5-1049
PID0058,Ronald Jeffery Tucker,62,1990-09-26,r**.t**@gmail.com,*52-26*-16*5
PID0059,Christina Angelica Lewis,78,1971-04-24,nan,7*2-**7-9644
PID0060,Matthew Adrian Baker,45,1956-04-27,m**.b**@gmail.com,***-685-2169
PID0061,Michael Sean Wilson,12,2002-08-22,m**.w**@gmail.com,289-*7*-61*9
PID0062,Joseph Michael Allen,41,1990-09-05,j**.a**@gmail.com,62*-*4*-9735
PID0063,Jessica Jamie Gilbert,35,2002-06-13,j**.g**@gmail.com,48*-*09-163*
PID0064,Daniel Seth Decker,24,1999-04-17,nan,43*-2**-1231
PID0065,Jeffery Karina Martinez,85,2019-06-22,j**.m**@gmail.com,922-*65-*2*1
PID0066,Amy Dennis Hernandez,16,1972-06-08,a**.h**@gmail.com,213-3**-925*
PID0067,Margaret Eduardo Murillo,13,2008-02-12,m**.m**@gmail.com,*05-*57-50*0
PID0068,Christina William Donaldson,101,1979-08-19,c**.d**@gmail.com,78*-717-*54*
PID0069,Nicholas Donald Manning,12,1965-07-03,n**.m**@gmail.com,*37-908-*17*
PID0070,Peter Michael Alvarez,17,1983-04-14,p**.a**@gmail.com,50*-406-0*4*
PID0071,Doris David Oconnell,22,1965-12-26,d**.o**@gmail.com,582-*3*-*048
PID0072,Mark Tonya Davis,5,1950-08-13,nan,498-*03-7**7
PID0073,Madison Ryan Goodman,11,1961-06-26,m**.g**@gmail.com,***-231-8148
PID0074,Corey Carolyn Smith,2,1978-02-27,c**.s**@gmail.com,*31-*4*-1869
PID0075,Erica Jennifer Gomez,33,1972-05-22,nan,860-55*-9*5*
PID0076,Raven Andrea Middleton,76,1999-10-13,r**.m**@gmail.com,533-971-**6*
PID0077,Brandon Jessica Morgan,52,2018-02-28,b**.m**@gmail.com,9*2-33*-767*
PID0078,Michael Brian Thomas,48,1992-08-21,m**.t**@gmail.com,4*2-477-*22*
PID0079,Lauren Nicholas Guerra,2,1979-01-02,l**.g**@gmail.com,9*8-459-*10*
PID0080,Sharon Aaron Berry,14,1999-09-19,s**.b**@gmail.com,*53-296-*1*4
PID0081,Daniel Dale Potts,60,1974-01-27,d**.p**@gmail.com,433-*75-4*4*
PID0082,Richard James Black,9,1998-05-27,r**.b**@gmail.com,360-9*5-5**0
PID0083,Kendra Marcus Perez,58,1995-03-24,k**.p**@gmail.com,30*-*9*-9975
PID0084,Andrea John Morrow,49,1975-11-17,a**.m**@gmail.com,*11-573-*1*5
PID0085,Rodney Donald Carson,35,1986-10-26,r**.c**@gmail.com,6**-702-*613
PID0086,Michael Thomas Buck,47,2001-08-12,m**.b**@gmail.com,***-503-4909
PID0087,Pamela Dominique Simmons,40,1967-10-18,p**.s**@gmail.com,3*5-*66-*555
PID0088,Erica Amanda Drake,56,2022-01-10,e**.d**@gmail.com,3*7-**2-1139
PID0089,Amanda Richard Fuller,6,1977-07-08,a**.f**@gmail.com,904-**2-040*
PID0090,Steven Laura Aguirre,3,2020-02-14,s**.a**@gmail.com,8*9-80*-*881
PID0091,Paul Pamela Stuart,73,1967-09-18,p**.s**@gmail.com,9*0-4*3-946*
PID0092,Sherri Diana Wright,71,2018-06-28,s**.w**@gmail.com,74*-2*1-261*
PID0093,Jonathan Tammy Jones,71,2000-01-13,j**.j**@gmail.com,*73-2*0-20*3
PID0094,Tina Daniel Thomas,3,2002-12-08,t**.t**@gmail.com,**7-9*4-4882
PID0095,Elizabeth Kelsey Mullen,27,2007-06-24,e**.m**@gmail.com,617-*82-7**8
PID0096,Chelsea Laura Young,31,2003-02-18,c**.y**@gmail.com,419-79*-*1*2
PID0097,Carol Brenda Pennington,8,2013-06-03,c**.p**@gmail.com,810-*22-**14
PID0098,Mark April Rose,42,1965-03-06,m**.r**@gmail.com,7**-567-*034
PID0099,Kyle Dawn Ramirez,62,1974-04-01,k**.r**@gmail.com,7*5-920-4*2*
PID0100,John Nicholas Hart,53,2023-03-01,j**.h**@gmail.com,824-94*-4**3
PID0101,Edward Molly Kennedy,4,1988-07-25,e**.k**@gmail.com,4*6-42*-*056
PID0102,Russell Shannon Shields,17,1964-07-05,r**.s**@gmail.com,82*-8*0-1*39
PID0103,Rebecca Michael Silva,4,2007-03-03,r**.s**@gmail.com,972-3*1-*9*8
PID0104,Renee Crystal Everett,72,1968-12-19,r**.e**@gmail.com,842-3**-045*
PID0105,Julia Jason Martin,73,2013-09-05,j**.m**@gmail.com,**8-922-387*
PID0106,Samantha Peter Cabrera,58,1994-04-04,s**.c**@gmail.com,85*-7*7-92*1
PID0107,Phillip Allison Sanders,99,1962-12-26,p**.s**@gmail.com,4**-865-2*87
PID0108,Taylor James Moore,5,1975-04-11,t**.m**@gmail.com,*36-8**-9085
PID0109,William Jesus Singh,64,1958-06-03,w**.s**@gmail.com,51*-222-35**
PID0110,Joshua John Smith,64,1988-07-15,j**.s**@gmail.com,92*-*10-*297
PID0111,Tracie Susan Pitts,50,1960-11-20,t**.p**@gmail.com,20*-6*6-259*
PID0112,Leah Annette Lopez,101,1962-10-15,l**.l**@gmail.com,83*-42*-3*39
PID0113,Diana Colleen Pham,57,2023-08-20,d**.p**@gmail.com,8**-391-*330
PID0114,Timothy Abigail Martin,66,1959-04-24,t**.m**@gmail.com,4*1-449-*1*1
PID0115,Jessica Natalie Moore,83,1973-04-24,j**.m**@gmail.com,71*-64*-8*14
PID0116,Glenn Bryce Guerra,16,2023-11-17,nan,845-*7*-01*2
PID0117,Justin Robert Rivas,18,2005-03-25,j**.r**@gmail.com,797-*94-81**
PID0118,Fred Kimberly Davis,51,1991-07-13,f**.d**@gmail.com,759-*72-*40*
PID0119,Frank Denise English,36,2004-01-25,f**.e**@gmail.com,72*-544-7**8
PID0120,Jessica John Allen,78,1997-08-17,j**.a**@gmail.com,4*6-674-9*8*
PID0121,Heather Martin Torres,26,1967-09-12,h**.t**@gmail.com,9*2-341-09**
PID0122,Amy Timothy James,5,1959-11-06,a**.j**@gmail.com,**4-640-4*95
PID0123,Craig Lisa Mckay,5,2014-03-12,c**.m**@gmail.com,5*3-983-*0*3
PID0124,Isaiah Scott Hodge,64,2001-11-24,i**.h**@gmail.com,**3-962-*967
PID0125,Tyler David Maxwell,31,2020-06-01,t**.m**@gmail.com,97*-4*6-*976
PID0126,Derrick Lori Cohen,14,1980-11-05,d**.c**@gmail.com,4**-984-71*0
PID0127,William Carla Meyers,13,1999-12-16,w**.m**@gmail.com,9*1-2*8-1*63
PID0128,Kathleen Robert Walters,56,1973-01-13,k**.w**@gmail.com,438-62*-99**
PID0129,Michael Mitchell Stokes,5,1952-07-15,m**.s**@gmail.com,**3-893-5*85
PID0130,Vincent Samantha Perez,14,1952-09-08,v**.p**@gmail.com,76*-2*7-*086
PID0131,Bryan Michelle Waller,5,2013-08-24,b**.w**@gmail.com,752-*21-6**9
PID0132,Ronald Brian Myers,76,1965-07-09,r**.m**@gmail.com,473-8*0-*3*5
PID0133,Colleen Valerie Garza,20,2012-07-15,c**.g**@gmail.com,**0-*77-9574
PID0134,Elizabeth Teresa Smith,57,1950-06-11,e**.s**@gmail.com,446-81*-*0*3
PID0135,Amanda Peter Parker,44,1958-11-05,a**.p**@gmail.com,811-*16-**96
PID0136,Jacob Jennifer Hansen,11,1978-12-24,j**.h**@gmail.com,793-*4*-7*48
PID0137,Raymond Jessica Hernandez,36,1992-09-02,r**.h**@gmail.com,*88-*24-777*
PID0138,Scott Johnny Carson,65,2003-12-11,s**.c**@gmail.com,6*6-493-64**
PID0139,William Maria Terry,5,1990-08-24,w**.t**@gmail.com,88*-*33-5*47
PID0140,Denise Joseph Hutchinson,0,1996-03-25,d**.h**@gmail.com,4*0-2*1-6*36
PID0141,Jeffery Debbie Gill,28,1987-08-28,j**.g**@gmail.com,269-630-**0*
PID0142,Victoria Christine Wilson,27,1968-12-22,v**.w**@gmail.com,652-**9-13*4
PID0143,Wanda Amy Davis,64,1994-07-26,w**.d**@gmail.com,*80-977-**80
PID0144,Michelle Joanne Moore,63,1984-02-07,m**.m**@gmail.com,*73-234-*86*
PID0145,Linda Timothy Boyer,59,2024-05-09,l**.b**@gmail.com,94*-4*8-6*40
PID0146,Joanna Michelle Mcdonald,83,2020-08-03,j**.m**@gmail.com,***-899-1435
PID0147,Devon Jeffrey White,54,2019-10-16,d**.w**@gmail.com,89*-340-48**
PID0148,Michael Tina Dominguez,63,1991-02-22,m**.d**@gmail.com,630-**3-*814
PID0149,Michael Tara Bryan,41,2003-10-15,m**.b**@gmail.com,5**-*42-7859
PID0150,Patricia Ronnie Reynolds,0,2018-07-21,p**.r**@gmail.com,5*9-77*-922*
PID0151,Joshua Gregory Wong,72,1983-07-17,j**.w**@gmail.com,86*-80*-5*56
PID0152,Caroline Erica Acosta,44,2020-08-07,c**.a**@gmail.com,2**-788-499*
PID0153,Jeremiah Gary Tucker,17,1995-03-02,j**.t**@gmail.com,44*-97*-108*
PID0154,Shane Tiffany Allen,90,1969-08-07,s**.a**@gmail.com,407-*9*-*222
PID0155,Ryan Craig Bennett,45,1987-08-09,r**.b**@gmail.com,997-2*4-*06*
PID0156,Tiffany Jose Shaw,21,2001-05-04,t**.s**@gmail.com,296-4**-62*7
PID0157,Cory Christy Lewis,8,2013-01-07,c**.l**@gmail.com,889-2*5-*7*7
PID0158,Barry Jean Ingram,5,1968-01-24,b**.i**@gmail.com,*41-34*-296*
PID0159,Kayla Cory Bryant,65,1962-10-11,k**.b**@gmail.com,3*5-**8-5968
PID0160,Charles Gina Miller,53,2024-03-04,c**.m**@gmail.com,3*7-844-*60*
PID0161,Margaret Gail Jones,2,2023-02-08,m**.j**@gmail.com,48*-*25-540*
PID0162,Christina Kathy Jordan,37,1986-06-14,c**.j**@gmail.com,6*0-951-0*5*
PID0163,Miguel Daniel Pace,94,1984-04-10,m**.p**@gmail.com,879-3**-840*
PID0164,Jennifer Earl Martinez,56,1958-10-14,j**.m**@gmail.com,278-**9-9*92
PID0165,Paula Ana Hickman,88,1961-12-26,p**.h**@gmail.com,6**-564-802*
PID0166,Todd Cynthia Hanson,40,2018-05-18,t**.h**@gmail.com,*0*-894-9*21
PID0167,Michelle Claire Williams,31,2023-08-07,m**.w**@gmail.com,379-87*-61**
PID0168,Tracy John Andrade,42,1998-04-22,t**.a**@gmail.com,557-**9-4*69
PID0169,Caitlin Jose Marquez,65,2004-04-13,c**.m**@gmail.com,**1-225-*860
PID0170,Michael Jerry Blevins,17,1952-04-03,m**.b**@gmail.com,**8-48*-5914
PID0171,Stefanie Elizabeth Lambert,65,2006-11-02,s**.l**@gmail.com,6*2-612-*05*
PID0172,Sophia Julie Glover,3,2000-07-12,s**.g**@gmail.com,794-64*-67**
PID0173,Robert Jeffrey Smith,15,1959-08-07,r**.s**@gmail.com,**5-453-7*69
PID0174,Kathleen Robert Singh,61,1986-11-28,k**.s**@gmail.com,*37-4*4-07*9
PID0175,Diane Lauren Barnes,47,1957-08-27,d**.b**@gmail.com,351-*8*-6*50
PID0176,John Michele Hill,63,2021-01-14,j**.h**@gmail.com,800-7*5-**75
PID0177,Carol Paul Lang,99,1998-02-19,c**.l**@gmail.com,503-**2-21*8
PID0178,Jeffrey Brenda Sullivan,64,2019-06-24,j**.s**@gmail.com,70*-62*-5*33
PID0179,Larry Kathleen Calhoun,46,2012-07-17,l**.c**@gmail.com,*3*-9*1-9339
PID0180,James Brianna Wood,79,1991-11-23,j**.w**@gmail.com,**9-822-64*9
PID0181,Dawn Michael Warner,36,2022-11-24,d**.w**@gmail.com,82*-678-*3*1
PID0182,Travis Jacqueline Davis,56,2018-05-09,t**.d**@gmail.com,403-733-*9**
PID0183,Jennifer Zachary Love,54,1970-11-28,j**.l**@gmail.com,88*-*8*-8703
PID0184,Maria Lindsey Mann,98,2007-10-13,m**.m**@gmail.com,7*0-876-*4*6
PID0185,Travis Charles Figueroa,32,1963-06-05,t**.f**@gmail.com,*33-6*9-6*95
PID0186,Rebecca Melinda Clark,7,1984-09-01,r**.c**@gmail.com,5*0-278-*8*7
PID0187,Kevin Christian Thompson,71,1964-12-15,k**.t**@gmail.com,610-5**-*367
PID0188,Kenneth David Garza,54,1950-03-19,k**.g**@gmail.com,661-5**-5*73
PID0189,Erica Kimberly Maxwell,38,1963-08-28,e**.m**@gmail.com,418-*7*-1*39
PID0190,Andrea Linda Hughes,62,2003-05-24,a**.h**@gmail.com,**0-*16-0790
PID0191,Ashley Paul Harris,1,1957-10-21,a**.h**@gmail.com,2*6-7*0-*866
PID0192,Charles Suzanne Brooks,12,2016-09-16,c**.b**@gmail.com,**3-914-4*08
PID0193,Joshua John Smith,96,1984-06-02,j**.s**@gmail.com,237-**3-4*72
PID0194,Beth Maria Allen,32,1994-08-24,b**.a**@gmail.com,*08-8**-2348
PID0195,Charles Heather Brown,10,1962-05-23,c**.b**@gmail.com,354-3*2-5*1*
PID0196,Casey Aaron Turner,61,1965-06-15,c**.t**@gmail.com,2*4-*64-*306
PID0197,Cheryl Donald Huff,27,1982-10-17,c**.h**@gmail.com,354-6**-6*75
PID0198,Sean Barbara Henry,42,1982-09-05,s**.h**@gmail.com,*82-64*-*405
PID0199,Teresa Colin Guerrero,19,1951-05-26,t**.g**@gmail.com,4*0-269-**89
PID0200,Jeremiah Gina Perry,60,1955-08-28,j**.p**@gmail.com,99*-*84-50*8
PID0201,Walter Adrian Cain,42,1993-05-17,w**.c**@gmail.com,58*-9**-9908
PID0202,Adam Kimberly Jenkins,11,1994-05-26,a**.j**@gmail.com,***-499-6339
PID0203,Michael Sheena Singh,75,1999-01-15,m**.s**@gmail.com,*5*-7*1-2352
PID0204,April Mary Stephens,48,1986-08-24,a**.s**@gmail.com,295-**8-5*33
PID0205,Morgan Robert Contreras,36,1983-09-09,m**.c**@gmail.com,**4-823-*699
PID0206,Jane Diane Gardner,53,1958-06-19,j**.g**@gmail.com,4*7-36*-261*
PID0207,Katrina Angelica Hall,32,2017-04-27,k**.h**@gmail.com,25*-22*-*602
PID0208,Bryan Tyler Smith,58,2000-09-09,b**.s**@gmail.com,830-2*9-**24
PID0209,Andrew Jeremy Weber,34,1969-01-21,a**.w**@gmail.com,*42-993-*1*2
PID0210,Meghan Gregory Roberts,58,1974-01-13,m**.r**@gmail.com,9*9-*47-*148
PID0211,Andrew Caroline Scott,10,1991-02-13,a**.s**@gmail.com,8*6-*47-*113
PID0212,Mary Rebecca Cruz,56,2000-03-22,m**.c**@gmail.com,72*-2*2-0*82
PID0213,Eric Cynthia Allison,8,1991-07-04,e**.a**@gmail.com,*93-*69-316*
PID0214,Willie Kelly Powell,4,2002-10-13,w**.p**@gmail.com,59*-846-**70
PID0215,Jasmine Deborah Morris,64,2013-12-09,j**.m**@gmail.com,54*-3*8-8*13
PID0216,Robert Jennifer Andrade,66,1972-11-10,r**.a**@gmail.com,829-58*-2**0
PID0217,Robert Michelle Hale,42,2007-10-14,nan,3*2-*9*-2982
PID0218,Timothy Rhonda Johnson,64,2009-04-19,t**.j**@gmail.com,**6-394-20*1
PID0219,Travis James Roman,59,1999-06-28,t**.r**@gmail.com,*7*-336-45*9
PID0220,Brittany Thomas Gonzalez,18,1981-02-03,b**.g**@gmail.com,41*-*30-22*4
PID0221,Andrew Raymond Price,26,1973-09-08,a**.p**@gmail.com,3*8-63*-97*7
PID0222,Kimberly Michael Wright,14,2000-05-10,k**.w**@gmail.com,*83-589-9*8*
PID0223,Jessica Jennifer Martinez,93,2024-05-03,j**.m**@gmail.com,*8*-544-1*78
PID0224,Thomas Kristi Robertson,10,1957-03-21,t**.r**@gmail.com,*15-627-*24*
PID0225,Amanda Victoria Soto,57,1965-03-25,nan,**8-2*8-0939
PID0226,Patricia James Yoder,96,2014-06-07,p**.y**@gmail.com,78*-*63-57*7
PID0227,James Stephanie Johns,14,1968-03-16,j**.j**@gmail.com,8*2-474-*30*
PID0228,Andrew Diana Brown,51,2001-12-22,a**.b**@gmail.com,*2*-321-*574
PID0229,Andrew Nicholas Hopkins,17,1967-03-27,nan,9*7-*87-6*62
PID0230,Leah Annette Lopez,60,2011-06-27,l**.l**@gmail.com,***-841-3755
PID0231,Benjamin Terri Wolf,17,1951-02-06,b**.w**@gmail.com,*9*-458-8*19
PID0232,Cynthia Joanne Collins,35,1989-08-21,c**.c**@gmail.com,69*-**0-5518
PID0233,Michele Timothy Burnett,56,1996-10-20,m**.b**@gmail.com,2*5-*9*-1281
PID0234,Joshua Matthew Knox,50,1962-05-04,j**.k**@gmail.com,*09-6*3-926*
PID0235,Jason Frank Castro,65,2010-10-25,j**.c**@gmail.com,634-*58-*52*
PID0236,John Tim Ortiz,57,1966-08-13,j**.o**@gmail.com,507-**3-0*19
PID0237,Nicholas Jill Obrien,19,1967-08-25,n**.o**@gmail.com,200-*6*-72*8
PID0238,Michele Madeline Butler,16,1956-03-23,m**.b**@gmail.com,**0-350-7*50
PID0239,Robert Andrea Hoover,97,1990-08-16,r**.h**@gmail.com,8*3-343-*86*
PID0240,Jason Craig Jackson,26,1963-11-23,j**.j**@gmail.com,*03-*5*-0813
PID0241,Matthew Diana Henry,23,2009-11-22,m**.h**@gmail.com,433-3**-387*
PID0242,Sherri Terri Molina,56,1968-02-02,s**.m**@gmail.com,*82-*18-*131
PID0243,Michael Robert Farrell,60,1983-07-10,m**.f**@gmail.com,559-*0*-9*70
PID0244,Tonya Bryan Reese,61,1996-03-11,t**.r**@gmail.com,72*-*74-07*8
PID0245,Elizabeth Michael Hammond,63,1986-02-06,e**.h**@gmail.com,940-**2-*844
PID0246,Sarah Christopher Pennington,28,2021-05-15,s**.p**@gmail.com,493-97*-5**2
PID0247,Tara Holly King,1,1969-09-12,t**.k**@gmail.com,76*-29*-7*02
PID0248,Daniel Sherry Guerrero,63,1960-01-12,d**.g**@gmail.com,57*-282-*19*
PID0249,Lisa Louis Carrillo,20,1960-07-21,l**.c**@gmail.com,632-*21-76**
PID0250,Richard Mark Meyer,54,1980-10-25,r**.m**@gmail.com,540-253-***5
PID0251,Jose Courtney Smith,8,2002-02-27,j**.s**@gmail.com,*51-*52-706*
PID0252,Mia Amy Walker,86,1982-05-26,m**.w**@gmail.com,48*-68*-895*
PID0253,Christina Kimberly White,64,1991-12-16,c**.w**@gmail.com,63*-50*-89*5
PID0254,Jesse Wendy Johnson,9,1984-02-23,j**.j**@gmail.com,6**-2*9-3304
PID0255,Olivia Sara Simmons,62,1950-10-23,o**.s**@gmail.com,*58-95*-63*0
PID0256,Kathleen Lisa King,31,1982-02-27,k**.k**@gmail.com,*54-479-0**8
PID0257,Lauren Stephanie Gardner,59,1980-06-06,l**.g**@gmail.com,4*9-3**-7073
PID0258,Christopher Stephanie Sanders,39,1968-05-07,c**.s**@gmail.com,**4-254-212*
PID0259,Kathryn Elizabeth Taylor,86,1985-07-17,k**.t**@gmail.com,9**-227-3*26
PID0260,Carrie Michael Logan,12,1980-03-13,c**.l**@gmail.com,8*9-320-7**1
PID0261,Janice Paula Johnson,97,2020-08-09,j**.j**@gmail.com,36*-9*7-96*5
PID0262,Sydney David Robinson,39,1967-09-21,s**.r**@gmail.com,*04-*25-0*66
PID0263,Jason Johnny Bell,40,1967-01-21,j**.b**@gmail.com,*71-9*5-*017
PID0264,Kristina Shannon Preston,5,1992-02-16,k**.p**@gmail.com,729-2*4-5**7
PID0265,Stephanie Shannon Gray,80,2011-05-22,s**.g**@gmail.com,932-*1*-*931
PID0266,Julie Gabriel Lewis,14,1967-01-25,j**.l**@gmail.com,401-96*-5**5
PID0267,Patrick Kenneth Vasquez,97,1982-11-01,nan,4*5-*02-*110
PID0268,Rebecca Ronnie Barron,51,1996-01-25,r**.b**@gmail.com,7*9-8*4-1*59
PID0269,Elizabeth Alexandra Gutierrez,93,1976-10-15,e**.g**@gmail.com,*75-9**-3894
PID0270,Stacy Mary Brown,84,2021-04-08,nan,*1*-*06-6840
PID0271,Matthew Angel Mcfarland,31,2021-11-07,m**.m**@gmail.com,4*1-734-4*7*
PID0272,Brian Tiffany Long,76,1976-01-24,b**.l**@gmail.com,*3*-306-7*21
PID0273,Mikayla Brittney Mooney,29,2018-03-15,m**.m**@gmail.com,8*7-3*5-*344
PID0274,Miguel Joe Johnson,98,1998-09-28,m**.j**@gmail.com,9*4-3*8-355*
PID0275,Melissa William Olson,63,1996-05-24,m**.o**@gmail.com,*50-577-58**
PID0276,Brittany Alyssa Lin,35,1980-10-03,nan,7*8-324-*0*5
PID0277,Christina Kathy Jordan,22,2015-09-05,c**.j**@gmail.com,763-*48-**49
PID0278,Martha Gary Burch,19,1952-03-12,m**.b**@gmail.com,9*9-845-37**
PID0279,Michelle Joshua Carr,62,1968-11-23,m**.c**@gmail.com,7*5-3*5-74*4
PID0280,Marcus Michael Richardson,81,2015-02-19,m**.r**@gmail.com,251-5*6-*3*7
PID0281,Isaiah Alex Taylor,46,1999-05-03,i**.t**@gmail.com,8**-4*8-9236
PID0282,Amy Katelyn Moore,99,2013-12-01,a**.m**@gmail.com,71*-*11-31*3
PID0283,Sara Nicole Craig,55,1971-09-17,s**.c**@gmail.com,552-795-***1
PID0284,Nicole Carlos Rivera,33,1978-02-15,n**.r**@gmail.com,2*2-90*-516*
PID0285,Stephanie Brett Baldwin,37,2015-03-16,nan,9*9-*5*-5809
PID0286,Mary Amy Payne,61,1993-10-11,m**.p**@gmail.com,*1*-202-024*
PID0287,Hannah Alexis Smith,65,1989-03-09,h**.s**@gmail.com,257-9*7-**26
PID0288,Jaime Gregory Vargas,15,1982-01-18,j**.v**@gmail.com,33*-66*-*031
PID0289,Valerie Alexandra Thomas,74,1988-07-18,v**.t**@gmail.com,9*0-54*-*147
PID0290,Brandon Benjamin Taylor,42,1980-11-14,b**.t**@gmail.com,*01-90*-*589
PID0291,Evan Rhonda Baldwin,78,1952-07-12,e**.b**@gmail.com,680-**5-829*
PID0292,Emily Tanya Williams,48,1950-04-16,e**.w**@gmail.com,*23-973-*2*9
PID0293,Amber Desiree Cabrera,68,2024-09-09,a**.c**@gmail.com,48*-9*8-1*44
PID0294,Joshua Richard Lee,10,1990-10-05,j**.l**@gmail.com,***-264-6942
PID0295,Lisa Mary Stanton,0,1962-05-17,l**.s**@gmail.com,9**-892-*027
PID0296,Barry Andrew Bailey,1,1975-10-05,b**.b**@gmail.com,9*0-20*-89*1
PID0297,Erin Melissa Smith,27,1993-08-27,e**.s**@gmail.com,*4*-66*-9555
PID0298,Michael Richard Reese,57,2022-06-01,m**.r**@gmail.com,*38-3*5-116*
PID0299,Glenn David Richards,58,1981-04-15,g**.r**@gmail.com,*64-3*9-*231
PID0300,Ronald Brian Myers,63,1996-03-15,r**.m**@gmail.com,2**-428-24*4
PID0301,Carlos Douglas Watson,56,1996-01-28,c**.w**@gmail.com,8*5-22*-41*7
PID0302,Mark Kelly Jones,44,1971-02-14,m**.j**@gmail.com,292-**8-*867
PID0303,Abigail Craig Conway,20,1995-09-22,a**.c**@gmail.com,302-36*-*0*0
PID0304,David Nicole Turner,22,2024-06-23,d**.t**@gmail.com,629-604-***2
PID0305,Dana David Rice,9,1974-08-01,d**.r**@gmail.com,896-3*2-5*4*
PID0306,Edwin Timothy Cole,49,2009-05-04,e**.c**@gmail.com,5*3-352-5**6
PID0307,Isaiah Carrie Snow,50,2014-02-04,i**.s**@gmail.com,860-6*1-5**2
PID0308,Chase Jason Stokes,99,1976-06-11,c**.s**@gmail.com,*56-6*1-1*70
PID0309,Devin Jose Green,23,1951-12-22,d**.g**@gmail.com,29*-7*1-21*3
PID0310,Daniel Ashley Garcia,48,1981-12-21,d**.g**@gmail.com,*0*-709-*315
PID0311,Marvin Michelle Smith,71,1954-09-27,m**.s**@gmail.com,29*-273-*4*0
PID0312,Sarah Debra Avila,11,1984-12-08,s**.a**@gmail.com,*48-*64-161*
PID0313,Victor John Thornton,62,1952-08-18,v**.t**@gmail.com,783-*49-84**
PID0314,Carol Kayla Sullivan,56,2024-08-09,c**.s**@gmail.com,3*1-55*-*329
PID0315,Sandra Amanda Lawson,3,1980-03-25,s**.l**@gmail.com,*4*-93*-5031
PID0316,John Leslie Mcmillan,13,1974-01-15,j**.m**@gmail.com,287-***-1229
PID0317,Isaiah Michael Wheeler,57,2009-05-14,i**.w**@gmail.com,6*8-*71-52*5
PID0318,Jeremy Anthony Schultz,61,1994-11-18,j**.s**@gmail.com,7*9-*72-0*69
PID0319,Julia Mary Short,11,1976-04-05,j**.s**@gmail.com,*81-524-*21*
PID0320,Alexander Rhonda Ali,23,1985-05-11,a**.a**@gmail.com,**8-54*-4179
PID0321,Kathryn Nicole Jones,52,2013-08-16,k**.j**@gmail.com,*53-2*3-*534
PID0322,Joseph David Garcia,3,1976-08-13,j**.g**@gmail.com,7*2-2*3-*297
PID0323,Julie David Collins,34,1961-06-14,j**.c**@gmail.com,915-**3-1*18
PID0324,Melissa Mark Ford,90,1957-05-24,m**.f**@gmail.com,7**-646-*337
PID0325,Brittany Natalie Cohen,51,2023-11-03,b**.c**@gmail.com,6**-590-73*4
PID0326,Arthur Jennifer Jordan,74,1986-12-06,a**.j**@gmail.com,368-**3-*480
PID0327,Holly Douglas Reed,77,2019-08-19,h**.r**@gmail.com,995-***-3706
PID0328,Michael Timothy Wilcox,84,1978-12-01,m**.w**@gmail.com,5**-*15-2850
PID0329,Ryan Joshua Johnson,30,1956-11-14,r**.j**@gmail.com,62*-7*5-82*9
PID0330,Tyler Angela Johnson,65,1987-04-25,t**.j**@gmail.com,243-**1-642*
PID0331,Dale Amanda Graham,36,1978-05-27,nan,23*-9*4-8*23
PID0332,Nathan Kevin Chavez,7,2013-01-10,n**.c**@gmail.com,8*1-765-9*4*
PID0333,Phillip Christina Wright,32,1979-05-19,p**.w**@gmail.com,4**-36*-3679
PID0334,Stephanie Bradley Moreno,21,2022-10-06,s**.m**@gmail.com,503-**1-17*9
PID0335,Andrew Kimberly Harrell,86,2021-08-25,nan,*50-**8-9463
PID0336,Karen Nancy Hicks,17,1981-02-12,k**.h**@gmail.com,*42-42*-47*8
PID0337,Jennifer Ashlee Barber,14,1994-12-16,j**.b**@gmail.com,**2-6*4-4095
PID0338,Dave Rachel Austin,35,1962-10-15,d**.a**@gmail.com,*6*-622-865*
PID0339,Andrew Danielle Carlson,9,1956-06-03,a**.c**@gmail.com,3*0-34*-9*04
PID0340,Alexander Caitlyn Taylor,1,1998-08-04,a**.t**@gmail.com,2*1-*5*-4701
PID0341,Katherine Nicole Byrd,10,2015-08-26,k**.b**@gmail.com,7*0-35*-3*23
PID0342,Megan Larry Miller,28,1952-09-05,m**.m**@gmail.com,*22-*30-42*5
PID0343,Derek Ann Robinson,55,1989-12-21,d**.r**@gmail.com,47*-514-65**
PID0344,Jacob Tanner George,17,1983-04-14,j**.g**@gmail.com,*11-942-1**5
PID0345,Nicole Kathleen Avery,22,2007-05-23,n**.a**@gmail.com,*72-6**-8984
PID0346,Jessica Amber Roth,57,1952-11-11,j**.r**@gmail.com,34*-2*5-98*3
PID0347,Tina Lindsey May,65,1997-11-22,t**.m**@gmail.com,8**-293-*092
PID0348,Robert Robert Chapman,45,1958-10-02,r**.c**@gmail.com,58*-**1-5607
PID0349,Matthew Cynthia Perkins,62,1988-05-05,m**.p**@gmail.com,4*5-25*-4*37
PID0350,Sheena Briana Martin,62,1996-06-10,s**.m**@gmail.com,*93-5*1-6*80
PID0351,Kimberly Christopher Johnson,44,2009-01-06,k**.j**@gmail.com,600-**0-4*74
PID0352,Kyle Karen Dunlap,50,1950-04-12,k**.d**@gmail.com,9*9-4*2-10*6
PID0353,Lori Elizabeth Miller,61,2000-05-24,l**.m**@gmail.com,507-357-*9**
PID0354,Nancy William Gonzales,100,1963-12-03,n**.g**@gmail.com,6*9-7*3-58*5
PID0355,Michael Suzanne Harris,3,2017-11-01,m**.h**@gmail.com,***-897-0919
PID0356,Darren Alexander Knight,64,1964-09-09,d**.k**@gmail.com,7*8-815-*42*
PID0357,Vicki Barbara Mcconnell,40,2015-05-22,v**.m**@gmail.com,33*-878-**39
PID0358,Sharon Paul Jackson,50,1961-04-10,s**.j**@gmail.com,85*-5*9-*743
PID0359,Jacob Norma Maxwell,49,1996-10-15,j**.m**@gmail.com,7*7-34*-*353
PID0360,Alicia Lindsey Stephenson,26,1978-04-02,a**.s**@gmail.com,*31-873-2*9*
PID0361,Christine Mandy Howard,63,2011-10-05,c**.h**@gmail.com,4*7-565-24**
PID0362,Charles Albert Yu,6,1985-11-12,c**.y**@gmail.com,208-385-*0**
PID0363,Melissa Colleen Jimenez,19,1969-04-02,m**.j**@gmail.com,8**-780-7*75
PID0364,Laura Jorge Knight,15,2013-12-21,l**.k**@gmail.com,277-5*3-*01*
PID0365,Julia Bradley Fisher,77,1986-10-06,j**.f**@gmail.com,25*-**7-7751
PID0366,Michael Samantha Anderson,91,1971-03-01,m**.a**@gmail.com,29*-941-*97*
PID0367,Don Jennifer Smith,30,2009-12-16,d**.s**@gmail.com,4*7-*80-96*9
PID0368,Christopher Rachael Martin,57,1970-11-10,nan,97*-*05-*008
PID0369,Heather Zachary Hopkins,44,2019-02-20,h**.h**@gmail.com,4*5-596-63**
PID0370,Jeremy Patrick Coffey,27,2002-12-05,j**.c**@gmail.com,538-90*-*18*
PID0371,Carlos Alexis Valdez,64,1976-01-26,c**.v**@gmail.com,775-2**-278*
PID0372,Terri Robert Benson,15,1953-06-25,t**.b**@gmail.com,67*-*3*-8701
PID0373,Tamara Brandon Miller,14,1967-06-07,t**.m**@gmail.com,746-8*0-*75*
PID0374,Craig Matthew Kelly,17,1997-07-08,c**.k**@gmail.com,399-*51-*0*2
PID0375,Michael Kimberly Morris,23,2009-08-03,nan,**1-40*-1036
PID0376,Stephanie Elizabeth Holmes,27,1995-07-09,s**.h**@gmail.com,8*2-689-*70*
PID0377,Travis Maria Perez,37,1987-01-25,t**.p**@gmail.com,282-28*-9*8*
PID0378,Jennifer Crystal Brown,70,2019-01-03,j**.b**@gmail.com,848-5*8-**99
PID0379,Steven Angela Glover,2,2019-06-17,s**.g**@gmail.com,241-*92-24**
PID0380,Jacqueline Stephen Jacobs,60,1976-12-26,j**.j**@gmail.com,*04-*77-*029
PID0381,Thomas Nicole Conner,18,1994-06-24,t**.c**@gmail.com,231-*08-4*8*
PID0382,Kayla Cynthia Campbell,22,1982-01-24,k**.c**@gmail.com,620-9*9-*60*
PID0383,Shari Scott Shepard,65,1968-12-15,nan,*15-212-*0*7
PID0384,Kathryn Kathryn Fernandez,99,1978-09-18,k**.f**@gmail.com,672-***-8888
PID0385,Patrick Corey Moore,12,2005-07-25,p**.m**@gmail.com,9**-*00-2534
PID0386,Brian Jack Blackwell,43,1985-02-09,b**.b**@gmail.com,229-36*-8*3*
PID0387,Briana Latasha Davis,28,2024-05-13,b**.d**@gmail.com,*7*-3*8-0463
PID0388,Samuel Jeffrey Wright,22,1993-07-24,s**.w**@gmail.com,**8-357-4*21
PID0389,Jason Dana Hall,51,1964-08-25,j**.h**@gmail.com,314-987-***4
PID0390,Jose Carmen White,58,1966-05-05,j**.w**@gmail.com,911-**5-431*
PID0391,Robert Ryan Shaw,13,2020-01-05,r**.s**@gmail.com,724-*2*-65*8
PID0392,Savannah Vicki Frost,40,1972-02-05,s**.f**@gmail.com,**8-593-8*32
PID0393,Stephanie Larry Solis,37,1986-05-03,s**.s**@gmail.com,268-8*0-1**8
PID0394,Steven Kelly Cervantes,15,2021-07-06,s**.c**@gmail.com,8**-926-*426
PID0395,Jessica Willie Herrera,65,2015-09-17,j**.h**@gmail.com,963-5**-840*
PID0396,Travis William Johnston,33,2024-08-14,t**.j**@gmail.com,**4-51*-4076
PID0397,Janet Jesse Hurst,64,1968-10-25,j**.h**@gmail.com,3*9-*19-1*85
PID0398,Maria Joseph Hamilton,76,1978-08-11,m**.h**@gmail.com,**6-675-8*12
PID0399,Monica Jason Vega,50,1953-05-02,m**.v**@gmail.com,6*1-50*-476*
PID0400,Paula Jessica Anderson,79,1959-11-15,p**.a**@gmail.com,2*2-*90-6*29
PID0401,Paige Susan Mcdonald,38,1987-11-22,p**.m**@gmail.com,265-22*-*3*9
PID0402,Jennifer Gregory Banks,12,1974-10-05,j**.b**@gmail.com,**6-917-465*
PID0403,Daniel Christine Barnes,94,1976-09-22,d**.b**@gmail.com,5*4-2*1-*018
PID0404,Lindsay Melissa Mosley,36,1972-07-24,nan,2*0-*50-9*50
PID0405,Richard Richard Simpson,57,1970-01-02,r**.s**@gmail.com,**0-238-*300
PID0406,Courtney Sara Spears,63,1995-05-03,c**.s**@gmail.com,7*5-*86-2*64
PID0407,Kevin Lisa Sullivan,51,1978-07-05,k**.s**@gmail.com,*0*-93*-5476
PID0408,Kim Scott Kelley,57,1974-10-04,k**.k**@gmail.com,927-78*-8**2
PID0409,Anthony Melissa Young,13,1991-12-01,a**.y**@gmail.com,*48-690-*87*
PID0410,Melissa Amy Castaneda,0,2006-03-12,m**.c**@gmail.com,*4*-586-91*8
PID0411,Jacqueline James Novak,23,2000-12-19,j**.n**@gmail.com,37*-*64-9*06
PID0412,Donna Mikayla Williams,39,2002-09-12,d**.w**@gmail.com,*1*-355-9*36
PID0413,Kurt Angela Davis,89,2015-02-17,k**.d**@gmail.com,390-729-*1**
PID0414,Wendy Kathleen Houston,99,1976-02-13,w**.h**@gmail.com,987-*14-79**
PID0415,Zachary Andrea Booker,63,1992-03-06,z**.b**@gmail.com,*21-4*9-40*4
PID0416,Victoria Kristin Munoz,46,1975-07-12,v**.m**@gmail.com,821-*1*-1*57
PID0417,Michael Kimberly Burton,19,2013-03-07,m**.b**@gmail.com,45*-*94-745*
PID0418,Marvin Christian Davis,45,1980-08-26,m**.d**@gmail.com,957-*39-0*8*
PID0419,Patricia Blake Mahoney,34,1963-12-13,p**.m**@gmail.com,**7-739-3*60
PID0420,Beth Andrew Mclean,36,1962-10-12,b**.m**@gmail.com,854-**2-888*
PID0421,Amanda Stephen Mitchell,16,2012-01-28,a**.m**@gmail.com,*48-8*0-*280
PID0422,Bradley Holly Clay,58,2006-11-18,b**.c**@gmail.com,*40-8**-7240
PID0423,Michael Danielle Henry,12,2001-03-24,m**.h**@gmail.com,7**-849-2*88
PID0424,Morgan Robert Contreras,33,2003-09-10,m**.c**@gmail.com,2**-451-3*63
PID0425,Regina Chelsea Jensen,17,1970-10-08,nan,37*-*14-7*98
PID0426,Ashley Collin Norris,63,1960-09-16,a**.n**@gmail.com,26*-35*-337*
PID0427,Michael Christopher Johnson,54,1958-05-19,nan,3*4-2**-7292
PID0428,Keith Jennifer Carlson,19,1964-12-28,k**.c**@gmail.com,6**-6*7-6424
PID0429,Bryan Julie Myers,18,1953-12-22,b**.m**@gmail.com,*59-6**-7824
PID0430,Daniel Elizabeth Wilson,56,1994-04-22,d**.w**@gmail.com,85*-*6*-9291
PID0431,Jessica Brandy Yang,33,1995-09-19,nan,929-*8*-*659
PID0432,Mark Priscilla Duffy,59,2000-04-06,m**.d**@gmail.com,234-*8*-3*55
PID0433,Vicki Tony Myers,43,1980-03-04,v**.m**@gmail.com,352-3*0-*1*8
PID0434,Mercedes Theodore Patterson,93,1999-09-12,m**.p**@gmail.com,299-357-**2*
PID0435,Nicholas Caitlyn Ayala,15,1975-04-14,n**.a**@gmail.com,4*8-256-*9*4
PID0436,James Julie Alvarado,50,1966-07-17,j**.a**@gmail.com,*31-519-*7*3
PID0437,Thomas Kayla Contreras,36,2024-12-21,t**.c**@gmail.com,255-6**-985*
PID0438,Amy Donna Johnston,26,2001-11-21,a**.j**@gmail.com,241-322-*1**
PID0439,Jennifer Sara Romero,60,1999-10-11,j**.r**@gmail.com,*19-*1*-5260
PID0440,Jean Ryan Ward,5,1989-03-08,j**.w**@gmail.com,257-83*-4*7*
PID0441,Kristina Jennifer Solis,31,1995-01-05,k**.s**@gmail.com,979-*00-*4*1
PID0442,Jessica Karen Gonzalez,18,1970-03-12,j**.g**@gmail.com,3**-348-632*
PID0443,Leslie Brent Huber,0,2022-09-11,l**.h**@gmail.com,61*-*00-185*
PID0444,Amy Timothy James,7,1967-05-16,a**.j**@gmail.com,*03-719-41**
PID0445,Nina Kelly Wright,25,2018-04-05,n**.w**@gmail.com,*84-228-**23
PID0446,Robert Erik Smith,27,1951-11-18,r**.s**@gmail.com,**8-7*4-2646
PID0447,Julia Alicia Clark,39,1995-05-07,j**.c**@gmail.com,*28-3**-7339
PID0448,Kevin Lindsey Moore,56,1990-09-10,k**.m**@gmail.com,34*-862-*97*
PID0449,Cory Cynthia Avila,8,1957-11-21,c**.a**@gmail.com,*6*-484-271*
PID0450,Bryan Sheila Holt,34,2007-12-01,b**.h**@gmail.com,27*-*00-*746
PID0451,Jennifer Katie Kim,57,2014-10-02,j**.k**@gmail.com,628-917-0***
PID0452,Melissa James Alexander,63,2003-12-19,m**.a**@gmail.com,637-727-*6**
PID0453,Melissa Ann Weiss,28,1958-08-27,m**.w**@gmail.com,42*-2*3-077*
PID0454,Kayla Charles Johnson,14,2018-07-04,k**.j**@gmail.com,*84-461-*00*
PID0455,Jonathan Richard Carr,54,1957-08-18,nan,3*8-36*-196*
PID0456,Ian Mark Randolph,57,2003-08-09,i**.r**@gmail.com,6*1-9*5-0*65
PID0457,Carrie Michael Logan,54,1987-11-05,c**.l**@gmail.com,71*-79*-3*46
PID0458,Sara Justin Terrell,13,1984-05-22,s**.t**@gmail.com,**0-*74-4713
PID0459,Mario Sarah Hernandez,75,1992-07-01,m**.h**@gmail.com,6**-679-398*
PID0460,Collin Christopher Carter,5,1987-03-23,c**.c**@gmail.com,*4*-825-4*06
PID0461,Michael Maria Snyder,23,1974-03-25,m**.s**@gmail.com,*26-6*9-*455
PID0462,Christina Samuel Jones,65,1983-05-08,c**.j**@gmail.com,927-*19-**49
PID0463,Rhonda Pamela Butler,12,2003-12-14,r**.b**@gmail.com,*43-886-*2*0
PID0464,Larry Anthony Richard,25,1969-12-27,l**.r**@gmail.com,4*9-699-2**6
PID0465,Melissa Kyle Martin,61,1961-05-17,m**.m**@gmail.com,788-5*0-*6*3
PID0466,Steven Justin Cooper,32,1990-06-26,s**.c**@gmail.com,596-95*-72**
PID0467,Heather Lance Young,26,2003-03-12,h**.y**@gmail.com,7*2-580-3**4
PID0468,Stephanie Jennifer Smith,63,2022-04-09,s**.s**@gmail.com,*48-*41-*274
PID0469,Angela Rhonda Jones,11,1953-06-19,nan,202-*4*-*977
PID0470,Linda Elizabeth Lee,30,2002-11-17,l**.l**@gmail.com,222-299-***4
PID0471,Christine Linda Powell,4,2013-09-11,nan,5*8-*83-00*8
PID0472,Marcus Melanie Chandler,59,2005-09-27,m**.c**@gmail.com,38*-661-*6*4
PID0473,Joshua Kelsey Salazar,22,1968-09-11,j**.s**@gmail.com,54*-8*0-*266
PID0474,Patricia Eric Schmitt,56,1996-07-07,p**.s**@gmail.com,543-*56-*8*8
PID0475,Alicia Andrew Pratt,51,1989-09-11,a**.p**@gmail.com,552-*6*-*432
PID0476,Lisa Russell May,44,1977-10-20,l**.m**@gmail.com,**0-251-242*
PID0477,Lauren Larry Cabrera,16,2024-03-05,l**.c**@gmail.com,319-*53-25**
PID0478,Victoria Brian Macias,63,1958-01-09,v**.m**@gmail.com,9*0-*70-502*
PID0479,Barbara Samuel Schwartz,41,1952-07-27,b**.s**@gmail.com,53*-87*-76*3
PID0480,Guy Mary Bradley,88,1962-10-02,g**.b**@gmail.com,938-*77-*47*
PID0481,Anthony Brandon Carter,16,2001-10-22,a**.c**@gmail.com,3*2-593-**17
PID0482,Elizabeth Julie Warren,6,2005-06-14,e**.w**@gmail.com,40*-892-21**
PID0483,Sara Nicholas Taylor,40,1982-07-13,nan,*98-**5-3455
PID0484,Tammy Jasmine Buchanan,10,1977-02-08,t**.b**@gmail.com,499-95*-02**
PID0485,Evelyn Emily Bell,30,1961-06-17,e**.b**@gmail.com,4**-885-*699
PID0486,Austin Melissa Wheeler,14,2003-01-15,a**.w**@gmail.com,294-*44-**93
PID0487,Herbert Joshua Lyons,30,1968-06-14,h**.l**@gmail.com,*4*-*66-2856
PID0488,Kathleen Lindsey Davis,57,2006-04-23,k**.d**@gmail.com,*27-479-*79*
PID0489,John Julie Reilly,12,1966-09-08,j**.r**@gmail.com,4*0-8*5-652*
PID0490,Susan Rebecca Warner,61,1953-09-17,s**.w**@gmail.com,723-347-***4
PID0491,Daniel Heidi Villa,65,2016-02-11,d**.v**@gmail.com,260-9**-7*68
PID0492,Nathan Mary Wagner,21,1984-03-07,n**.w**@gmail.com,*8*-5*4-5092
PID0493,Lauren Brian Adkins,84,1992-08-22,l**.a**@gmail.com,90*-3*4-3*69
PID0494,Erik John Thomas,49,1951-06-25,nan,*59-4*7-10*1
PID0495,Joseph Christopher Barnes,29,1961-12-19,j**.b**@gmail.com,736-***-1783
PID0496,Andrea Wendy Vargas,49,2015-02-16,a**.v**@gmail.com,3**-323-6*26
PID0497,Christopher Samantha Thomas,57,1970-08-01,c**.t**@gmail.com,384-4**-0*24
PID0498,Sean Margaret Baker,48,1959-08-21,s**.b**@gmail.com,49*-575-3**8
PID0499,David Ryan Horton,64,1984-01-09,d**.h**@gmail.com,917-*24-4*0*
PID0500,Alyssa Andre Hayes,38,2012-01-25,a**.h**@gmail.com,*40-466-**23
PID0501,Nicholas Jason Moon,72,2024-06-16,n**.m**@gmail.com,8**-812-*194
PID0502,Daniel Sharon Holmes,12,2013-08-08,d**.h**@gmail.com,5**-64*-9180
PID0503,Curtis Mallory Rowe,28,1988-06-22,c**.r**@gmail.com,*86-71*-5*69
PID0504,Jason John Huffman,13,1989-06-12,j**.h**@gmail.com,5*5-2**-5545
PID0505,Mitchell Michael Romero,90,1997-06-28,m**.r**@gmail.com,624-954-**2*
PID0506,Erin Franklin Wright,0,1959-10-17,e**.w**@gmail.com,**0-4*4-3334
PID0507,Melissa Darrell Brown,4,1955-12-16,m**.b**@gmail.com,305-68*-18**
PID0508,Beth Shannon Cox,73,1986-03-19,nan,20*-954-66**
PID0509,Ronald Darin Hamilton,10,2021-04-14,r**.h**@gmail.com,8**-986-24*4
PID0510,Sandra Casey Ramos,32,2019-05-24,s**.r**@gmail.com,4**-324-218*
PID0511,Jacqueline Curtis Ball,2,1977-10-21,j**.b**@gmail.com,655-791-1***
PID0512,Hannah Brandon Clark,22,1972-03-27,h**.c**@gmail.com,*66-*28-*791
PID0513,Jessica John Coleman,20,1980-09-23,j**.c**@gmail.com,551-3*1-3*1*
PID0514,Lisa Charles Stewart,13,2012-06-06,l**.s**@gmail.com,**3-994-712*
PID0515,Tara Raymond Norris,25,1961-02-21,t**.n**@gmail.com,6*1-**4-4882
PID0516,Lawrence Jason Klein,64,1955-05-21,l**.k**@gmail.com,*42-41*-420*
PID0517,Rodney Marc Ruiz,33,1970-06-12,r**.r**@gmail.com,277-*4*-7*38
PID0518,Elizabeth Alexandra Gutierrez,65,2003-05-04,e**.g**@gmail.com,5*9-70*-0*13
PID0519,Kenneth Renee Bowen,61,1972-05-11,k**.b**@gmail.com,*4*-906-910*
PID0520,Robert Antonio Mclaughlin,15,1976-10-24,r**.m**@gmail.com,369-*68-6*4*
PID0521,John Samantha Barnett,42,1990-03-13,j**.b**@gmail.com,9*2-9*7-*297
PID0522,Debbie Patricia Hartman,12,1980-07-07,d**.h**@gmail.com,*75-3*3-3*07
PID0523,Noah Jacob Rice,14,1956-06-04,n**.r**@gmail.com,93*-*60-5*42
PID0524,Kevin Caleb Simmons,61,1984-12-20,k**.s**@gmail.com,6*7-5**-2575
PID0525,Elizabeth Barbara Sampson,37,1977-10-01,e**.s**@gmail.com,774-***-5137
PID0526,Jennifer Jean Reese,60,1999-11-26,j**.r**@gmail.com,560-9*1-59**
PID0527,Micheal Nicole Price,18,1994-12-09,m**.p**@gmail.com,*44-*24-*081
PID0528,Michelle Daniel Simpson,20,2010-07-22,m**.s**@gmail.com,883-78*-**99
PID0529,Sean Julie Richards,96,2013-12-02,s**.r**@gmail.com,**1-246-49*8
PID0530,Chad Joseph Black,8,2011-05-21,c**.b**@gmail.com,83*-25*-817*
PID0531,Ryan Marilyn Jones,2,2000-04-20,nan,726-9**-514*
PID0532,Joanna Kathleen Bowers,26,2020-11-14,j**.b**@gmail.com,*11-*88-17*0
PID0533,Stephanie Veronica Smith,14,1956-11-17,s**.s**@gmail.com,*2*-40*-6938
PID0534,Eric Jill Perry,49,1996-10-23,e**.p**@gmail.com,246-*1*-0*51
PID0535,Lauren Jonathan Mcdonald,93,1993-09-13,l**.m**@gmail.com,*9*-978-*906
PID0536,Sean Derek Pierce,64,1964-01-05,nan,8*4-**5-5490
PID0537,Anna Amanda Mitchell,61,2005-02-15,a**.m**@gmail.com,3*7-*21-*877
PID0538,Seth Jessica Kim,56,1985-11-21,s**.k**@gmail.com,*67-672-4*1*
PID0539,William Tyler Curry,60,1977-06-25,w**.c**@gmail.com,905-71*-*77*
PID0540,Michael Ryan Manning,47,2024-05-19,m**.m**@gmail.com,509-**2-67*5
PID0541,Kathryn Deborah Berg,65,1982-03-11,nan,222-**6-23*1
PID0542,Beth Matthew Mccoy,2,1973-08-22,b**.m**@gmail.com,5**-665-7*83
PID0543,Beverly Ralph Alvarez,56,2008-04-22,b**.a**@gmail.com,*95-765-*01*
PID0544,Madison Tyler Perkins,10,2023-01-07,m**.p**@gmail.com,785-97*-*6*8
PID0545,Nicole Tyrone Jones,9,1993-01-02,n**.j**@gmail.com,387-**8-8*81
PID0546,Kelly Brandon Frazier,61,2006-10-26,nan,308-5*2-**73
PID0547,Cynthia Sarah Maynard,57,1971-10-17,c**.m**@gmail.com,3**-4*7-6193
PID0548,Shaun Steven Martin,3,1967-05-20,s**.m**@gmail.com,26*-91*-*944
PID0549,Nicholas William Coleman,9,2001-12-16,n**.c**@gmail.com,622-2**-895*
PID0550,Nicole Kathleen Velazquez,39,1974-08-03,nan,805-60*-1*7*
PID0551,Kiara Andrew Jackson,14,1975-06-27,k**.j**@gmail.com,*26-8*2-38*9
PID0552,Michael Stephen York,17,1980-05-28,m**.y**@gmail.com,9**-889-65*2
PID0553,Jacob Courtney Acosta,83,1968-04-09,j**.a**@gmail.com,*0*-*98-6368
PID0554,Molly Autumn Anderson,92,1961-09-11,m**.a**@gmail.com,89*-*38-84*9
PID0555,Luis Michael Orr,23,1968-04-21,l**.o**@gmail.com,77*-57*-9*29
PID0556,Tim Jesus Patel,50,2023-02-04,t**.p**@gmail.com,902-*10-*9*4
PID0557,Jonathon Jennifer Phillips,45,2008-01-14,j**.p**@gmail.com,971-354-3***
PID0558,Meagan Ashley Smith,58,2015-05-11,m**.s**@gmail.com,4*4-98*-6*62
PID0559,Jacob Vicki Cooper,100,1954-04-17,j**.c**@gmail.com,*63-550-**31
PID0560,Karen Ronald Hill,49,1952-10-04,k**.h**@gmail.com,855-**4-*058
PID0561,Kurt Angela Davis,25,1997-04-20,nan,2*1-861-6**3
PID0562,Melissa Ann Weiss,46,2019-10-18,m**.w**@gmail.com,751-93*-29**
PID0563,John Peter Brown,15,1994-10-21,j**.b**@gmail.com,7*8-*7*-5182
PID0564,William Cynthia Huber,52,1971-12-04,w**.h**@gmail.com,297-*67-**47
PID0565,Crystal Martha Keith,8,1983-08-10,c**.k**@gmail.com,43*-303-*9*7
PID0566,Kenneth Nicole Wright,48,1982-10-12,k**.w**@gmail.com,211-5**-92*8
PID0567,Daniel Andrew Davis,37,1971-04-23,d**.d**@gmail.com,511-*82-1**6
PID0568,Marc Maureen Hebert,2,1953-07-08,m**.h**@gmail.com,7*4-*85-*909
PID0569,Monica Jason Vega,78,1977-05-03,nan,4**-816-1*69
PID0570,Jared Dylan Blair,43,2007-06-24,j**.b**@gmail.com,28*-932-6**9
PID0571,Emma Dale Chandler,8,1958-02-10,nan,982-7*0-79**
PID0572,Rachel Trevor Hopkins,57,1970-04-20,r**.h**@gmail.com,354-2*4-0*3*
PID0573,Adam Trevor Johnson,99,1960-01-03,a**.j**@gmail.com,461-9*4-4*3*
PID0574,Cheryl Kelly Scott,25,1968-07-15,c**.s**@gmail.com,57*-373-*6*6
PID0575,Lindsey Bryce Foster,73,2002-10-16,l**.f**@gmail.com,*18-45*-*144
PID0576,Lucas Kenneth Ball,63,1974-09-06,l**.b**@gmail.com,*34-43*-*390
PID0577,Scott Hannah Richardson,43,2012-04-07,s**.r**@gmail.com,595-3*5-26**
PID0578,Sharon Nancy Galloway,10,1964-11-23,s**.g**@gmail.com,9*2-527-**33
PID0579,Carrie Heather Sullivan,60,1953-02-14,nan,435-5*8-1**1
PID0580,Amanda Christine Rose,56,1964-07-11,a**.r**@gmail.com,*6*-348-873*
PID0581,Tamara Wendy Barnes,1,2021-12-09,t**.b**@gmail.com,742-297-**2*
PID0582,Kimberly Michael Buchanan,7,1989-10-16,k**.b**@gmail.com,2*2-3**-2940
PID0583,Savannah Laura Perkins,55,1994-11-22,s**.p**@gmail.com,51*-*23-1*81
PID0584,Lauren Angela Henry,93,2007-12-12,l**.h**@gmail.com,*2*-*22-8273
PID0585,Jenna Teresa Knox,94,2019-07-06,j**.k**@gmail.com,424-*51-*49*
PID0586,Casey Aaron Turner,14,1952-01-27,c**.t**@gmail.com,**3-261-662*
PID0587,Chad Joseph Gregory,63,1974-04-17,c**.g**@gmail.com,8*5-40*-*934
PID0588,Sarah Alicia Todd,61,1976-08-03,s**.t**@gmail.com,*95-2*6-*764
PID0589,Daniel Sherry Guerrero,47,1979-04-18,d**.g**@gmail.com,**5-264-97*1
PID0590,William Lisa Wilson,58,2018-03-22,w**.w**@gmail.com,313-*9*-823*
PID0591,Nathan Kathleen Bailey,10,1975-02-09,n**.b**@gmail.com,3*4-80*-6*72
PID0592,Debra Erin Hicks,72,1967-10-11,d**.h**@gmail.com,*14-703-34**
PID0593,John Tracey Tran,54,2005-09-27,j**.t**@gmail.com,646-5*4-7**5
PID0594,Kimberly Mason Williamson,60,1978-03-10,k**.w**@gmail.com,**4-818-97*9
PID0595,Jasmine Tracy Duarte,55,1954-04-18,j**.d**@gmail.com,*2*-630-122*
PID0596,Valerie Maria Walker,47,1988-03-17,v**.w**@gmail.com,**9-25*-2652
PID0597,Edward Melissa Williams,1,1978-11-04,e**.w**@gmail.com,801-4*4-0*9*
PID0598,Todd Heather Hardy,62,1969-09-10,t**.h**@gmail.com,713-5*5-00**
PID0599,Richard Matthew Johnson,35,1977-07-04,r**.j**@gmail.com,9**-9*2-0114
PID0600,Beth Jason Murphy,18,2005-12-20,b**.m**@gmail.com,85*-791-*8*3
PID0601,Michael John Davis,20,1982-09-12,m**.d**@gmail.com,818-4**-5*77
PID0602,Patrick Joshua Scott,41,1999-10-16,p**.s**@gmail.com,69*-58*-4*74
PID0603,Jasmine Amanda Scott,19,1991-07-07,nan,*52-678-5*9*
PID0604,Danielle Samantha Thompson,51,2012-02-16,d**.t**@gmail.com,773-*98-5**6
PID0605,Lawrence Caroline Tucker,55,2002-11-05,l**.t**@gmail.com,26*-952-**65
PID0606,Ronald Eric Lynch,43,1970-01-16,r**.l**@gmail.com,540-*47-**67
PID0607,Paula Jennifer Edwards,2,1959-07-09,p**.e**@gmail.com,594-949-**4*
PID0608,John Nicholas Dickerson,72,1997-10-13,j**.d**@gmail.com,490-*2*-2*71
PID0609,Samantha Paula Hodge,7,1969-01-24,s**.h**@gmail.com,6**-691-*208
PID0610,Ryan Shannon Arnold,8,1981-04-18,r**.a**@gmail.com,93*-6*8-774*
PID0611,Chase Tanya Jackson,42,1977-02-23,c**.j**@gmail.com,41*-9*9-4*84
PID0612,Jamie Susan Carroll,65,2012-04-14,j**.c**@gmail.com,**2-*71-2221
PID0613,Darius John Baker,29,1985-04-11,d**.b**@gmail.com,89*-90*-9*67
PID0614,Ethan Margaret Jenkins,9,2014-09-02,e**.j**@gmail.com,*12-2*5-962*
PID0615,Darrell Sheri White,64,2006-05-05,d**.w**@gmail.com,**2-*97-0169
PID0616,Frederick William Wright,23,2005-08-03,f**.w**@gmail.com,*8*-*12-9871
PID0617,Dawn Elizabeth Smith,21,1955-03-03,d**.s**@gmail.com,*99-715-*8*7
PID0618,Jeffrey Wesley Medina,1,1980-08-25,j**.m**@gmail.com,480-4**-82*8
PID0619,James David Gonzalez,29,1988-05-24,j**.g**@gmail.com,32*-3*9-4*88
PID0620,Daniel Tommy Ward,99,1972-04-15,d**.w**@gmail.com,8**-625-769*
PID0621,Donna Veronica Townsend,50,2012-02-23,d**.t**@gmail.com,95*-9*6-914*
PID0622,Jonathan Stuart Williams,7,2011-10-22,j**.w**@gmail.com,861-43*-*3*8
PID0623,Joel Jeffery Hughes,91,2002-11-16,j**.h**@gmail.com,458-49*-*9*1
PID0624,Richard Anthony Robinson,60,1973-12-18,r**.r**@gmail.com,*50-94*-6*49
PID0625,Andrea Lori Mercado,59,1989-11-19,a**.m**@gmail.com,**1-954-*264
PID0626,Dawn Dorothy Hubbard,4,2020-03-17,d**.h**@gmail.com,3*9-66*-*575
PID0627,Megan Jimmy Shelton,6,1992-06-18,nan,704-5*9-5*9*
PID0628,Regina Deborah Wright,13,1965-01-22,r**.w**@gmail.com,422-*16-*19*
PID0629,Mary David Moore,7,1972-02-04,m**.m**@gmail.com,6*4-5*9-*516
PID0630,Ashley James Scott,6,1954-05-15,nan,*33-3*4-302*
PID0631,Kristin Johnny Gibson,5,1980-02-17,k**.g**@gmail.com,6*4-821-*90*
PID0632,Diana Daniel Smith,45,2018-09-26,d**.s**@gmail.com,937-5*9-**48
PID0633,Andrea Timothy Gutierrez,16,2009-10-19,nan,622-*89-**12
PID0634,Debra Timothy Stevens,28,2009-01-04,d**.s**@gmail.com,9*7-844-6**3
PID0635,Tracy Tanya Alexander,61,1970-01-28,t**.a**@gmail.com,**5-*62-2115
PID0636,Kyle Micheal Zimmerman,8,1950-06-06,k**.z**@gmail.com,8*5-*37-27*9
PID0637,Donna Paul Holden,68,1980-04-18,nan,*52-49*-69*5
PID0638,Heather Destiny Richard,20,1985-08-09,h**.r**@gmail.com,38*-412-6**4
PID0639,Ethan Monique Mcdaniel,1,1962-11-10,e**.m**@gmail.com,*0*-641-13*5
PID0640,Erica Ryan Gutierrez,90,1978-10-21,e**.g**@gmail.com,5*4-45*-499*
PID0641,Rachel Kelly Hernandez,53,1968-09-20,nan,*8*-85*-4586
PID0642,Robert Bryan Perry,98,1952-04-19,r**.p**@gmail.com,7*7-51*-5*43
PID0643,Jillian Austin Wheeler,73,1981-05-17,j**.w**@gmail.com,582-**8-75*1
PID0644,Jose Ryan Bishop,38,2001-08-06,j**.b**@gmail.com,*29-6*7-5*21
PID0645,Steven Nicholas Diaz,29,1982-02-06,s**.d**@gmail.com,5*4-354-71**
PID0646,Bruce Cheryl Hill,2,1986-05-07,b**.h**@gmail.com,*97-446-0**1
PID0647,Michael Amy Brown,69,1993-07-19,m**.b**@gmail.com,526-*6*-94*3
PID0648,Teresa David Richards,99,1959-11-21,t**.r**@gmail.com,82*-*96-07*1
PID0649,Scott Jacqueline Gonzalez,59,2005-09-14,s**.g**@gmail.com,*17-9**-7731
PID0650,Edward Kathleen Hernandez,36,2013-11-15,e**.h**@gmail.com,5**-912-98*9
PID0651,Brandy Walter Moon,4,1971-04-19,b**.m**@gmail.com,*21-254-*2*6
PID0652,Jennifer Dakota Jones,88,2016-08-28,j**.j**@gmail.com,3*8-2*7-6*72
PID0653,Melinda Jason Flowers,0,2000-10-19,m**.f**@gmail.com,33*-3*7-8*02
PID0654,Adam Kathy Hull,14,1990-05-24,a**.h**@gmail.com,5*8-**9-2370
PID0655,Michael Ryan Manning,61,2005-04-10,m**.m**@gmail.com,286-*92-74**
PID0656,Alexandria Robert Martin,84,1967-03-06,nan,86*-3*0-*516
PID0657,Eric Michael Craig,64,1964-01-26,e**.c**@gmail.com,490-**7-74*0
PID0658,Marcus Tony Howard,98,2017-08-08,m**.h**@gmail.com,80*-974-4*1*
PID0659,Shane Aaron Hill,61,2022-04-19,s**.h**@gmail.com,*9*-613-42*8
PID0660,Allen Jerome Martinez,92,1954-05-11,a**.m**@gmail.com,37*-601-*9*9
PID0661,Antonio Alicia Mcgrath,98,2024-07-23,nan,29*-371-*96*
PID0662,Douglas Marcia Ellis,47,1980-05-12,d**.e**@gmail.com,6**-254-*559
PID0663,Kendra Shaun Johnson,49,1973-06-03,k**.j**@gmail.com,961-*7*-98*2
PID0664,James Krystal Todd,59,2005-02-13,j**.t**@gmail.com,*16-2**-7271
PID0665,Linda Beverly Fields,41,1950-03-13,l**.f**@gmail.com,207-3*7-4*8*
PID0666,Michael Kevin Bryant,62,1953-07-26,m**.b**@gmail.com,64*-2**-6033
PID0667,Julie Jill Juarez,61,1989-07-01,j**.j**@gmail.com,2**-483-79*8
PID0668,Sarah Wendy Hoover,31,1958-07-01,s**.h**@gmail.com,305-55*-*0*1
PID0669,Maria Keith Gutierrez,64,1982-06-03,m**.g**@gmail.com,24*-489-**31
PID0670,Jessica Shane Hall,34,1987-11-07,j**.h**@gmail.com,6*8-264-*9*9
PID0671,Anthony Carrie Smith,58,1954-01-15,a**.s**@gmail.com,5**-7*3-5823
PID0672,Elizabeth Samantha Mitchell,60,2002-08-14,e**.m**@gmail.com,9*4-8*6-*948
PID0673,Dwayne Martha Meza,33,1999-06-24,d**.m**@gmail.com,762-33*-*5*9
PID0674,Seth Lindsey Davis,56,2001-01-20,nan,87*-*67-57*2
PID0675,Steve Christopher Smith,45,1957-10-08,s**.s**@gmail.com,494-**7-*991
PID0676,Kenneth Ashley Johnson,13,2019-04-07,nan,**2-9*4-1792
PID0677,Kenneth Jacqueline Gordon,17,1972-07-15,k**.g**@gmail.com,451-*4*-7*54
PID0678,Aaron Michael Gonzales,37,1972-06-06,a**.g**@gmail.com,403-9*2-51**
PID0679,Justin Justin Johnson,61,2017-01-21,j**.j**@gmail.com,230-6*4-51**
PID0680,Jacob Lisa Mclaughlin,4,1980-11-19,j**.m**@gmail.com,**8-735-20*7
PID0681,Michelle Michelle Moore,33,1971-08-27,nan,489-*6*-90*9
PID0682,Robin Patricia Fisher,2,1958-07-11,r**.f**@gmail.com,*34-403-0*0*
PID0683,Sarah Michael Wells,52,1989-10-15,s**.w**@gmail.com,**2-712-5*28
PID0684,Mark Louis Guerra,12,2000-06-23,m**.g**@gmail.com,415-57*-**56
PID0685,Todd Larry Houston,66,1997-08-26,t**.h**@gmail.com,28*-*99-319*
PID0686,Thomas Kyle Martin,14,1959-11-19,t**.m**@gmail.com,7*7-811-*1*6
PID0687,Adam Kayla Jones,26,1970-07-08,a**.j**@gmail.com,54*-2*8-*117
PID0688,Luke Margaret Rodriguez,8,1952-12-11,l**.r**@gmail.com,488-9**-*976
PID0689,Amanda Mary Ross,13,2014-05-14,a**.r**@gmail.com,32*-*63-*193
PID0690,James Sean Ayala,27,2024-09-19,j**.a**@gmail.com,99*-5*9-*873
PID0691,Victoria Wendy Martin,29,2006-10-23,v**.m**@gmail.com,471-49*-41**
PID0692,Ashley Crystal Carter,11,2024-01-08,a**.c**@gmail.com,547-***-9631
PID0693,Kevin Kelly Black,10,1980-05-16,k**.b**@gmail.com,*6*-803-733*
PID0694,Stephanie Carol Martinez,1,1950-08-12,s**.m**@gmail.com,67*-45*-893*
PID0695,Susan Donna Rose,75,1967-04-01,s**.r**@gmail.com,*1*-711-230*
PID0696,Richard Jennifer Foster,40,2019-11-08,r**.f**@gmail.com,808-966-***4
PID0697,Christopher Christopher Hughes,58,2022-05-15,c**.h**@gmail.com,323-*7*-*378
PID0698,Joseph Deborah Casey,1,2008-08-16,j**.c**@gmail.com,*09-30*-541*
PID0699,Christine Charles Riley,18,1965-10-18,c**.r**@gmail.com,8*4-*97-*218
PID0700,Jacob Scott Ayala,17,1963-03-19,j**.a**@gmail.com,2**-384-*288
